Datetime,Water Level (m)
2025-03-25 06:00:00,-0.042638436
2025-03-25 07:00:00,-0.045457367
2025-03-25 08:00:00,-0.04485525
2025-03-25 09:00:00,-0.04257215
2025-03-25 10:00:00,-0.041687757
2025-03-25 11:00:00,-0.04447859
2025-03-25 12:00:00,-0.050555352
2025-03-25 13:00:00,-0.059170753
2025-03-25 14:00:00,-0.06950517
2025-03-25 15:00:00,-0.080926776
2025-03-25 16:00:00,-0.09230207
2025-03-25 17:00:00,-0.10120201
2025-03-25 18:00:00,-0.1046409
2025-03-25 19:00:00,-0.101392895
2025-03-25 20:00:00,-0.09276271
2025-03-25 21:00:00,-0.0812483
2025-03-25 22:00:00,-0.0693531
2025-03-25 23:00:00,-0.060735215
2025-03-26 00:00:00,-0.057712737
2025-03-26 01:00:00,-0.05965001
2025-03-26 02:00:00,-0.06532197
2025-03-26 03:00:00,-0.073664
2025-03-26 04:00:00,-0.08385807
2025-03-26 05:00:00,-0.09427912
2025-03-26 06:00:00,-0.102121405
2025-03-26 07:00:00,-0.10468012
2025-03-26 08:00:00,-0.10172123
2025-03-26 09:00:00,-0.0946437
2025-03-26 10:00:00,-0.08584788
2025-03-26 11:00:00,-0.07874203
2025-03-26 12:00:00,-0.07650687
2025-03-26 13:00:00,-0.07897799
2025-03-26 14:00:00,-0.08437838
2025-03-26 15:00:00,-0.09298861
2025-03-26 16:00:00,-0.10309963
2025-03-26 17:00:00,-0.11343186
2025-03-26 18:00:00,-0.119946666
2025-03-26 19:00:00,-0.11988723
2025-03-26 20:00:00,-0.112361394
2025-03-26 21:00:00,-0.09822984
2025-03-26 22:00:00,-0.08181955
2025-03-26 23:00:00,-0.06579161
2025-03-27 00:00:00,-0.0537697
2025-03-27 01:00:00,-0.04763182
2025-03-27 02:00:00,-0.047342606
2025-03-27 03:00:00,-0.051382482
2025-03-27 04:00:00,-0.059058614
2025-03-27 05:00:00,-0.06862099
2025-03-27 06:00:00,-0.077699244
2025-03-27 07:00:00,-0.0821572
2025-03-27 08:00:00,-0.079929605
2025-03-27 09:00:00,-0.07076293
2025-03-27 10:00:00,-0.05662767
2025-03-27 11:00:00,-0.042007793
2025-03-27 12:00:00,-0.030335408
2025-03-27 13:00:00,-0.023687012
2025-03-27 14:00:00,-0.022596873
2025-03-27 15:00:00,-0.025962599
2025-03-27 16:00:00,-0.033099107
2025-03-27 17:00:00,-0.042979605
2025-03-27 18:00:00,-0.05192506
2025-03-27 19:00:00,-0.055738855
2025-03-27 20:00:00,-0.051017486
2025-03-27 21:00:00,-0.03614723
2025-03-27 22:00:00,-0.015949251
2025-03-27 23:00:00,0.005269576
2025-03-28 00:00:00,0.023750424
2025-03-28 01:00:00,0.036606465
2025-03-28 02:00:00,0.043209624
2025-03-28 03:00:00,0.043384098
2025-03-28 04:00:00,0.038355466
2025-03-28 05:00:00,0.030094191
2025-03-28 06:00:00,0.019776218
2025-03-28 07:00:00,0.010989211
2025-03-28 08:00:00,0.009052029
2025-03-28 09:00:00,0.016778216
2025-03-28 10:00:00,0.03365337
2025-03-28 11:00:00,0.054336965
2025-03-28 12:00:00,0.07449652
2025-03-28 13:00:00,0.08955087
2025-03-28 14:00:00,0.09815394
2025-03-28 15:00:00,0.09905392
2025-03-28 16:00:00,0.09505499
2025-03-28 17:00:00,0.08713605
2025-03-28 18:00:00,0.07688696
2025-03-28 19:00:00,0.0678817
2025-03-28 20:00:00,0.06586259
2025-03-28 21:00:00,0.07539179
2025-03-28 22:00:00,0.09448605
2025-03-28 23:00:00,0.11616252
2025-03-29 00:00:00,0.13540497
2025-03-29 01:00:00,0.14867161
2025-03-29 02:00:00,0.15403184
2025-03-29 03:00:00,0.15250532
2025-03-29 04:00:00,0.14750952
2025-03-29 05:00:00,0.13902234
2025-03-29 06:00:00,0.12873855
2025-03-29 07:00:00,0.11768359
2025-03-29 08:00:00,0.10982279
2025-03-29 09:00:00,0.10945114
2025-03-29 10:00:00,0.121415004
2025-03-29 11:00:00,0.1391654
2025-03-29 12:00:00,0.15744191
2025-03-29 13:00:00,0.17168798
2025-03-29 14:00:00,0.18046103
2025-03-29 15:00:00,0.18081324
2025-03-29 16:00:00,0.17600943
2025-03-29 17:00:00,0.16814849
2025-03-29 18:00:00,0.15758376
2025-03-29 19:00:00,0.14572039
2025-03-29 20:00:00,0.1363851
2025-03-29 21:00:00,0.13459316
2025-03-29 22:00:00,0.14475638
2025-03-29 23:00:00,0.16162804
2025-03-30 00:00:00,0.18017711
2025-03-30 01:00:00,0.1946839
2025-03-30 02:00:00,0.202713
2025-03-30 03:00:00,0.20333105
2025-03-30 04:00:00,0.19839841
2025-03-30 05:00:00,0.1898474
2025-03-30 06:00:00,0.17925824
2025-03-30 07:00:00,0.16729085
2025-03-30 08:00:00,0.15596944
2025-03-30 09:00:00,0.14988813
2025-03-30 10:00:00,0.15419051
2025-03-30 11:00:00,0.17062713
2025-03-30 12:00:00,0.19051704
2025-03-30 13:00:00,0.20886852
2025-03-30 14:00:00,0.21998174
2025-03-30 15:00:00,0.22387147
2025-03-30 16:00:00,0.22198753
2025-03-30 17:00:00,0.215479
2025-03-30 18:00:00,0.2057078
2025-03-30 19:00:00,0.1940359
2025-03-30 20:00:00,0.18209393
2025-03-30 21:00:00,0.17425959
2025-03-30 22:00:00,0.17589468
2025-03-30 23:00:00,0.18962961
2025-03-31 00:00:00,0.20839487
2025-03-31 01:00:00,0.22653799
2025-03-31 02:00:00,0.23850624
2025-03-31 03:00:00,0.24320285
2025-03-31 04:00:00,0.24149835
2025-03-31 05:00:00,0.23526013
2025-03-31 06:00:00,0.22609049
